,Name,Price,Link
0,Samsung C49RG90 (LC49RG90SSUXEN),1 163 €,https://www.datart.sk/c49rg90-lc49rg90ssuxen.html
1,MSI Prestige PS341WU (Prestige PS341WU),1 049 €,https://www.datart.sk/prestige-ps341wu-flat-prestige-ps341wu.html
2,LG 34GK950F-B (34GK950F-B.AEU),981 €,https://www.datart.sk/-34gk950f-b-aeu-34gk950f-b-aeu.html
3,Philips 499P9H čierne (499P9H),932 €,https://www.datart.sk/philips-499p9h-499p9h.html
4,Samsung C49J89 (LC49J890DKUXEN),889 €,https://www.datart.sk/lc49j890dkuxen-lc49j890dkuxen.html
5,Acer EB550Kbmiipx (UM.NE0EE.001),823 €,https://www.datart.sk/eb550kbmiiipx-140cm-55-ips-led-3840x2160-60hz-100m-1-300cd-m2-178-178-4ms-vga-2xhdmi-1-4-hdmi-2-0-dp-audio-in-out-repro-2x5w-vesa-hdr-ready-6color-adjustment-flickerless-bluelightfilter-pip-pbp-remote-black-um-ne0ee-001.html
6,Acer ConceptD CP3271KP (UM.HC1EE.P01),751 €,https://www.datart.sk/conceptd-cp3271kp-69cm-27-ips-led-uhd-4k-3840x2160-144hz-100m-1-400cd-m2-178-178-1ms-vrb-2xhdmi-2-0-2xdp-1-4-usb3-0-hub-audio-out-repro-2x4w-hgt-adj-pivot-vesa-dci-p3-g-sync-compatible-6color-adjustment-delta-e-1-display-hdr-400.html
7,AOC AG352UCG6 čierny (AG352UCG6),"742,90 €",https://www.datart.sk/monitor-aoc-ag352ucg6-cierny-ag352ucg6.html
8,Dell Alienware AW3418DW (210-AMNE),729 €,https://www.datart.sk/monitor-dell-alienware-aw3418dw-210-amne.html
9,Samsung C34H890 čierny (LC34H890WJUXEN),685 €,https://www.datart.sk/Samsung-34-C34H890-UltraWQHD-VA-DP-HDMI-USB.html
10,"Samsung 27"" Odyssey G7, 240 Hz (LC27G75TQSUXEN)",679 €,https://www.datart.sk/monitor-samsung-27-odyssey-g7-240-hz-lc27g75tqsuxen.html
11,Dell U3415W UltraSharp (210-ADYS),"669,80 €",https://www.datart.sk/monitor-dell-u3415w-ultrasharp-210-adys.html
12,Acer Nitro XV340CKPbmiipphzx (UM.CX0EE.P05),661 €,https://www.datart.sk/nitro-xv340ckpbmiipphzx-86cm-34-ips-led-21-9-3440x1440-144hz-100m-1-250cd-m2-178-178-1ms-vrb-2xhdmi-2-0-2xdp-1-4-audio-out-usb-3-0hub-repro-2x3w-hgt-adj-vesa-hdr-ready-acerdisplaywidget-freesync-6color-adjustment-flickerless-blueli.html
13,Acer EB490QKbmiipx (UM.SE0EE.001),625 €,https://www.datart.sk/eb490qkbmiiipx-126cm-48-5-ips-led-3840x2160-75hz-100m-1-320cd-m2-178-178-4ms-vga-2xhdmi-1-4-hdmi-2-0-dp-audio-in-out-repro-2x5w-vesa-hdr-ready-6color-adjustment-flickerless-bluelightfilter-pip-pbp-remote-black-um-se0ee-001.html
14,"Acer Predator XB271HUbmiprz 27"" čierny (UM.HX1EE.005)",613 €,https://www.datart.sk/monitor-acer-predator-xb271hubmiprz-27-cierny-um-hx1ee-005.html
15,Samsung C32HG70 čierny (LC32HG70QQUXEN),592 €,https://www.datart.sk/Samsung-32-C32HG70-HerniQHD-Proh-s-HDR-VA-DP-HDMI.html
16,Samsung U32H850 čierny (LU32H850UMUXEN),548 €,https://www.datart.sk/LCD-monitor-Samsung-32-U32H850-UHD-TN-DP-minDP-HDMI-USB.html
17,HP 34f Curved (6JM50AA#ABB),"539,60 €",https://www.datart.sk/hp-34f-curved-prohnuty-34-ips-21-9-3440x1440-5ms-300-cd-m2-1000-1-staticky-10-000-000-1-dynamicky-2x-hdmi-2-0-1x-displayport-1-2-3x-usb-3-0-usb-a-1x-usb-b-zaruka-2-2-0-6jm50aa-abb.html
18,Philips 436M6VBPAB (436M6VBPAB/00),"534,90 €",https://www.datart.sk/monitor-philips-436m6vbpab-436m6vbpab-00.html
19,Lenovo G34w-10 (66A1GACBEU),530 €,https://www.datart.sk/lenovo-g34w-10-66a1gacbeu.html
20,Philips 346P1CRH (346P1CRH/00),526 €,https://www.datart.sk/monitor-philips-346p1crh-346p1crh-00.html
21,AOC CU34G2X (CU34G2X/BK),526 €,https://www.datart.sk/monitor-aoc-cu34g2x-cu34g2x-bk.html
22,AOC AG241QG (AOCAG241QG),526 €,https://www.datart.sk/monitor-aoc-ag241qg-aocag241qg.html
23,Philips 326M6VJRMB (326M6VJRMB/00),522 €,https://www.datart.sk/monitor-philips-326m6vjrmb-326m6vjrmb-00.html
24,Asus ROG STRIX XG32VQ (90LM03S0-B01170),"507,90 €",https://www.datart.sk/monitor-asus-rog-strix-xg32vq-90lm03s0-b01170.html
25,Philips 328P6VUBREB (328P6VUBREB/00),507 €,https://www.datart.sk/led-philips-328p6vubreb-4k-va-usb-c-lan-328p6vubreb-00.html
26,Asus VG27AQ (90LM0500-B01370),"505,40 €",https://www.datart.sk/monitor-asus-vg27aq-90lm0500-b01370.html
27,Acer Predator XB271HUA (UM.HX1EE.A01),499 €,https://www.datart.sk/monitor-acer-predator-xb271hua-um-hx1ee-a01.html
28,Acer Predator XB273UGSbmiiprzx (UM.HX0EE.S01),"494,20 €",https://www.datart.sk/predator-xb273ugsbmiiprzx-69cm-27-ips-led-wqhd-2560x1440-165hz-100m-1-400cd-m2-178-178-0-5ms-g2g-min-2xhdmi-2-0-2xdp-1-2-usb3-0-hub-audio-out-repro-2x2w-vesa-hgt-adj-g-sync-compatible-adaptive-sync-widecolorgamut-srgb-6color-adjustm.html
29,BenQ PD2700U (9H.LHALB:QBE),"487,90 €",https://www.datart.sk/monitor-benq-pd2700u-9h-lhalb-qbe.html
30,Lenovo Legion Y27gq čierny (65ECGAC1EU),"483,40 €",https://www.datart.sk/-27-2560-x-1440-tn-wled-1ms-165hz-350-cd-m2-1000-1-hdmi-dp-65ecgac1eu.html
31,LG 27GL850 čierne (27GL850-B.AEU),"479,90 €",https://www.datart.sk/lg-27gl850-27gl850.html
32,Philips 346B1C (346B1C/00),477 €,https://www.datart.sk/monitor-philips-346b1c-346b1c-00.html
33,"Dell S2716DG 27"" čierny (210-AGUI)","471,90 €",https://www.datart.sk/monitor-dell-s2716dg-27-27-led-tn-3ms-1000-1-350cd-m2-2560-x-1440-dp.html
34,Lenovo Legion Y27q-20 (65EEGAC1EU),"467,60 €",https://www.datart.sk/lenovo-legion-y27q-20-without-spk-65eegac1eu.html
35,Dell Alienware AW2518H (210-AMOF) (210-AMOF),"463,90 €",https://www.datart.sk/monitor-dell-alienware-aw2518h-210-amof-25-led-tn-1ms-1000-1-400cd-m2-1920-x-1080-dp.html
36,Asus XG27VQ čierny (90LM03G0-B01970),"463,90 €",https://www.datart.sk/monitor-asus-xg27vq-27-led-va-4ms-100000000-1-300cd-m2-1920-x-1080-dp.html
37,HP EliteDisplay E273d (5WN63AA#ABB),"459,20 €",https://www.datart.sk/hp-elitedisplay-e273d-docking-monitor-uhlopricka-27-palcu-rozliseni-1920x1080-panel-ips-w-led-jas-250-cd-m2-staticky-kontrast-1000-1-odezva-5-ms-g-g-matny-panel-vyskove-nastavitelny-pivot-rotace-usb-hub-konektory-vga-dp-1-2-out-hdmi-1-4-4xus.html
38,Dell UltraSharp U2719DC (DELL-U2719DC),459 €,https://www.datart.sk/u2719dc-dell-u2719dc.html
39,Dell Alienware Gaming AW2720HF (210-ATTQ),"454,90 €",https://www.datart.sk/aw2720hf-210-attq.html
40,Dell Gaming S3220DGF (DELL-3220DGF),"450,50 €",https://www.datart.sk/s3220dgf-dell-3220dgf.html
41,Acer CB342CKsmiiphzx (UM.CB2EE.001),447 €,https://www.datart.sk/cb342cksmiiphzx-86cm-34-ips-led-21-9-3440x1440-75hz-100m-1-250cd-m2-178-178-1ms-vrb-2xhdmi-2-0-dp-1-4-audio-out-usb-3-0hub-repro-2x3w-hgt-adj-vesa-hdr-ready-acerdisplaywidget-freesync-6color-adjustment-flickerless-bluelightfilter.html
42,Philips 345B1C (345B1C/00),"439,90 €",https://www.datart.sk/monitor-philips-345b1c-345b1c-00.html
43,Acer Nitro XV273Xbmiiprzx čierny (UM.HX3EE.X01),439 €,https://www.datart.sk/nitro-xv273xbmiiprzx-69cm-27-ips-led-1920x1080-240hz-100m-1-350cd-m2-178-178-1ms-2xhdmi-2-0-1xdp-1-2-usb3-0-hub-audio-out-repro-2x2w-hgt-adj-pivot-vesa-acer-display-widget-g-sync-compatible-adaptivesync-widecolorgamut-srgb-6color.html
44,MSI Optix MAG272CQR (Optix MAG272CQR),439 €,https://www.datart.sk/msi-optix-mag272cqr-27-2560x1440-3000-1-1ms-optix-mag272cqr.html
45,AOC CU34G2 (CU34G2/BK),"435,90 €",https://www.datart.sk/monitor-aoc-cu34g2-cu34g2-bk.html
46,HP Z27n G2 (1JS10A4#ABB),434 €,https://www.datart.sk/hp-z27n-g2-uhlopricka-27-qhd-rozliseni-2560x1440-60-hz-panel-ips-led-8-bit-16-7-million-colors-16-9-micro-edge-3-strany-jas-350-cd-m2-staticky-kontrast-1000-1-odezva-5-3-ms-gtg-matny-panel-25-99-srgb-vyskove-nastavitelny-pivot-3x-usb-3-0.html
47,Samsung UR590 (LU32R590CWUXEN),429 €,https://www.datart.sk/lu32r590cwuxen-lu32r590cwuxen.html
48,MSI Optix MAG271CQR (Optix MAG271CQR),429 €,https://www.datart.sk/msi-optix-mag271cqr-27-c-2560x1440-3000-1-1ms-144h-optix-mag271cqr.html
49,Acer Predator XB271HAbmiprzx (UM.HX1EE.A09),424 €,https://www.datart.sk/monitor-acer-predator-xb271habmiprzx-um-hx1ee-a09.html
50,HP EliteDisplay E324q (5DP31AA#ABB),419 €,https://www.datart.sk/hp-elitedisplay-e324q-uhlopricka-31-5-palcu-rozliseni-2560x1440-panel-va-w-led-jas-350-cd-m2-staticky-kontrast-3000-1-odezva-7-ms-g-g-matny-panel-vyskove-nastavitelny-pivot-rotace-usb-hub-konektory-dp-1-2-hdmi-1-4-usb3-0-usb-c-2x-1x-dp-1-2.html
51,AOC U3277PWQU čierny (U3277PWQU),417 €,https://www.datart.sk/monitor-aoc-u3277pwqu-31-5-led-amva-4ms-80000000-1-350cd-m2-3840-x-2160-dp.html
52,Acer Predator XN253QPbmiprzx čierny (UM.KX3EE.P01),"414,20 €",https://www.datart.sk/predator-xn253qpbmiprzx-62cm-24-5-led-fhd-1920x1080-144hz-100m-1-400cd-m2-170-160-1ms-hdmi-dp-usb3-0-hub-audio-out-repro-2x2w-vesa-hgt-adj-pivot-nvidia-g-sync-6color-adjustment-flickerless-bluelightshield-lowdimming-comfyview-eco.html
53,Dell U2719D (210-ARBR),399 €,https://www.datart.sk/monitor-dell-u2719d-210-arbr.html
54,HP E344c Curved čierny/strieborný (6GJ95AA#ABB),399 €,https://www.datart.sk/hp-e344c-34-qhdcurved-3440x1440-400jas-3000-1-4ms-6gj95aa-abb.html
55,HP Pavilion Gaming 32 HDR (3BZ12AA#ABB),389 €,https://www.datart.sk/hp-pavilion-gaming-32-hdr-rozliseni-2560-x-1440-panel-wva-w-led-svitivost-300-cd-m2-staticky-kontrast-3000-1-odezva-5ms-matny-povrch-2xhdmi-x-dp-1-2-3x-usb-2-0-dva-vstupni-jeden-vystupni-bez-integrovanych-reproduktoru-zaruka-2-2-0-zobrazit-int.html
56,Dell S2719DC (210-AQDI),"388,90 €",https://www.datart.sk/monitor-dell-s2719dc-210-aqdi.html
57,Acer Predator XB273GXbmiiprzx (UM.HX3EE.X07),388 €,https://www.datart.sk/predator-xb273gxbmiiprzx-69cm-27-ips-led-fhd-1920x1080-240hz-100m-1-400cd-m2-178-178-0-1ms-g2g-min-2xhdmi-1-4-2xdp-1-2a-usb3-0-hub-audio-out-repro-2x2w-vesa-hgt-adj-g-sync-compatible-adaptive-sync-widecolorgamut-srgb-6color-adjustme.html
58,Samsung S32R750 (LS32R750UEUXEN),"371,60 €",https://www.datart.sk/ls32r750ueuxen-ls32r750ueuxen.html
59,Dell S2719DM (210-AORM),"370,90 €",https://www.datart.sk/monitor-dell-s2719dm-210-aorm.html
60,Samsung SJ550 (LS34J550WQUXEN),"369,90 €",https://www.datart.sk/ls34j550wquxen-ls34j550wquxen.html
61,Philips 328P6AUBREB (328P6AUBREB/00),368 €,https://www.datart.sk/monitor-philips-328p6aubreb-31-5-led-ips-4ms-1200-1-450cd-m2-2560-x-1440-dp.html
62,Philips 342B1C (342B1C/00),368 €,https://www.datart.sk/monitor-philips-342b1c-342b1c-00.html
63,Philips 272B7QUPBEB (272B7QUPBEB/00),368 €,https://www.datart.sk/monitor-philips-272b7qupbeb-272b7qupbeb-00.html
64,Dell P2720DC (210-AUJS),"362,90 €",https://www.datart.sk/p2720dc-210-aujs.html
65,Acer Predator XB252Qbmiprzx (UM.KX2EE.001),355 €,https://www.datart.sk/predator-xb252qbmiprzx-62cm-24-5-led-fhd-1920x1080-240hz-100m-1-400cd-m2-170-160-1ms-hdmi-dp-1-2-usb3-0-hub-audio-out-repro-2x2w-vesa-hgt-adj-pivot-nvidia-g-sync-v2-6color-adjustment-flickerless-bluelightshield-lowdimming-comfyvie.html
66,Lenovo Q27h-10 (66A7GAC2EU),354 €,https://www.datart.sk/lenovo-q27h-10-66a7gac2eu.html
67,Samsung C32JG56 (LC32JG56QQUXEN),"349,90 €",https://www.datart.sk/cjg5-lc32jg56qquxen.html
68,AOC CQ32G1 (CQ32G1),"349,10 €",https://www.datart.sk/aoc-cq32g1-cq32g1.html
69,Samsung LU32J590UQUXEN (LU32J590UQUXEN),349 €,https://www.datart.sk/monitor-samsung-lu32j590uquxen-lu32j590uquxen.html
70,MSI Optix AG32CQ (Optix AG32CQ),349 €,https://www.datart.sk/msi-optix-ag32cq-31-5-c-2560x1440-3000-1-8ms-optix-ag32cq.html
71,Dell UltraSharp UP2516D  čierny (210-AGUB),"348,90 €",https://www.datart.sk/monitor-dell-ultrasharp-up2516d-cierny.html
72,HP EliteDisplay E273q (1FH52AA#ABB),343 €,https://www.datart.sk/monitor-hp-elitedisplay-e273q-1fh52aa-abb.html
73,HP X27i Gaming čierny (8GC08AA#ABB),339 €,https://www.datart.sk/hp-x27i-2k-gaming-uhlopricka-27-palce-rozliseni-qhd-2-560-x-1-440-pri-60-hz-panel-ips-w-led-svitivost-350-cd-m2-staticky-kontrast-1000-1-odezva-4-ms-matny-povrch-hdmi-display-port-1-2-1-zvukovy-vystup-bez-integrovanych-reproduktoru-zaruka-2-2.html
74,Philips 328E1CA (328E1CA/00),338 €,https://www.datart.sk/monitor-philips-328e1ca-328e1ca-00.html
75,HP Pavilion 27 Quantum Dot (5DQ99AA#ABB),"337,90 €",https://www.datart.sk/monitor-hp-pavilion-27-quantum-dot-5dq99aa-abb.html
76,MSI Optix MAG251RX (Optix MAG251RX),"333,90 €",https://www.datart.sk/optix-mag251rx-flat-optix-mag251rx.html
77,Asus VG278Q čierny (90LM03P0-B01370),"333,90 €",https://www.datart.sk/monitor-asus-vg278q-27-led-tn-1ms-1000-1-400cd-m2-1920-x-1080-dp.html
78,MSI GeForce Optix MAG273R Flat (Optix MAG273R),"333,90 €",https://www.datart.sk/optix-mag273r-flat-optix-mag273r.html
79,HP OMEN X 25f (4WH47AA#ABB),"333,70 €",https://www.datart.sk/omen-x-25f-24-5-1980x1050-tn-antiglare-1ms-overdrive-400-cd-m2-1000-1-1x-hdmi-1-4-1x-displayport-1-2-3x-usb-3-0-1x-upstream-2x-downstream-1x-audio-output-240-hz-amd-freesync-vesa-ambient-lighting-vyskove-nastavitelny-stojan-zaruka-2-2.html
80,Samsung U28R550 čierne (U28R550UQU),333 €,https://www.datart.sk/samsung-u28r550uqu-u28r550uqu.html
81,Dell S2719DGF (210-AQVP),333 €,https://www.datart.sk/monitor-dell-s2719dgf-210-aqvp.html
82,HP 27f 4K (5ZP65AA#ABB),"331,90 €",https://www.datart.sk/hp-27f-4k-uhlopricka-27-rozliseni-uhd-4k-3840x2160-panel-ips-w-led-micro-edge-jas-300-cd-m2-staticky-kontrast-1000-1-odezva-5-ms-g-g-matny-panel-2x-hdmi-1x-displayport-bez-reproduktoru-low-blue-light-5zp65aa-abb.html
83,MSI Optix G27CQ4 (Optix G27CQ4),"329,50 €",https://www.datart.sk/msi-gaming-monitor-optix-g27cq4-27-zakriveny-2560-x-1440-wqhd-va-led-165hz-1ms-3000-1-250cd-m2-2xhdmi-dp-optix-g27cq4.html
84,Acer Nitro XF272Xbmiiprzx čierny (UM.HX2EE.X01),329 €,https://www.datart.sk/nitro-xf272xbmiiprzx-69cm-27-led-1920x1080-240hz-100m-1-400cd-m2-170-160-1ms-2xhdmi-2-0-1xdp-1-2a-usb3-0-hub-audio-out-repro-2x2w-hgt-adj-pivot-vesa-acer-display-widget-freesync-6color-adjustment-hdr-ready-supersharpness-flickerl.html
85,MSI Optix MAG271CP (Optix MAG271CP),329 €,https://www.datart.sk/msi-optix-mag271cp-27-c-1920x1080-3000-1-1ms-optix-mag271cp.html
86,Acer Nitro VG271UPbmiipx (UM.HV1EE.P01),328 €,https://www.datart.sk/nitro-vg271upbmiipx-69cm-27-ips-led-2560x1440-144hz-100m-1-350cd-m2-178-178-1ms-vrb-2xhdmi-2-0-dp-audio-out-repro-2x2w-vesa-acerdisplaywidget-freesync-widecolorgamut-srgb-6color-adjustment-supersharpness-flickerless-bluelightfilter.html
87,Dell P2418HT (210-AKBD),"322,90 €",https://www.datart.sk/monitor-dell-p2418ht-210-akbd.html
88,HP Z24n G2 (1JS09A4#ABB),314 €,https://www.datart.sk/hp-z24n-g2-uhlopricka-24-rozliseni-1920x1200-60-hz-panel-ips-led-8-bit-6-bit-a-frc-16-7-million-colors-16-10-micro-edge-3-strany-jas-300-cd-m2-staticky-kontrast-1000-1-odezva-5-8-ms-gtg-matny-panel-25-99-srgb-vyskove-nastavitelny-pivot.html
89,Dell P2720D (210-AUOQ),"312,10 €",https://www.datart.sk/p2720d-210-auoq.html
90,Samsung S27H850 čierny (LS27H850QFUXEN),"311,90 €",https://www.datart.sk/Samsung-27-S27H850-WQHDV-HDMI.html
91,Acer Nitro XF272UPbmiiprzx čierny (UM.HX2EE.P04),311 €,https://www.datart.sk/nitro-xf272upbmiiprzx-69cm-27-led-2560x1440-144hz-100m-1-300cd-m2-170-160-1ms-2xhdmi-2-0-1xdp-1-4-usb3-0-hub-audio-out-repro-2x2w-hgt-adj-vesa-acer-display-widget-freesync-widecolorgamut-srgb-6color-adjustment-deltae-2-hdr-ready.html
92,Samsung S27R750 (LS27R750QEUXEN),"310,90 €",https://www.datart.sk/ls27r750qeuxen-ls27r750qeuxen.html
93,Lenovo G32qc-10 (66A2GACBEU),306 €,https://www.datart.sk/lenovo-g32qc-10-66a2gacbeu.html
94,LG 34UM69G-B.AEU (34UM69G-B.AEU),306 €,https://www.datart.sk/monitor-lg-34um69g-b-aeu.html
95,HP EliteDisplay E273m (1FH51AA#ABB),303 €,https://www.datart.sk/hp-elitedisplay-e273m-uhlopricka-27-palcu-rozliseni-1920x1080-panel-ips-w-led-micro-edge-jas-250-cd-m2-staticky-kontrast-1000-1-odezva-5-ms-g-g-matny-panel-vyskove-nastavitelny-pivot-rotace-usb-hub-konektory-vga-dp-1-2-hdmi-1-4-usb3-0-usb-c.html
96,Acer Nitro XV272Pbmiiprzx čierny (UM.HX2EE.P07),"302,30 €",https://www.datart.sk/nitro-xv272pbmiiprzx-27-ips-led-1920x1440-144hz-100m-1-400cd-m2-178-178-1ms-vrb-2xhdmi-2-0-1xdp-1-4-usb3-0-hub-audio-out-repro-2x2w-hgt-adj-pivot-vesa-acer-display-widget-freesync-widecolorgamut-srgb-6color-adjustment-displayhdr.html
97,AOC U2790PQU (U2790PQU),300 €,https://www.datart.sk/aoc-u2790pqu-u2790pqu.html
98,"HP 27xq  27"",LED, TN, 1ms, 1000:1, 350cd/m2, 2560 x 1440,DP, (3WL54AA#ABB)",299 €,https://www.datart.sk/monitor-hp-27xq-27-led-tn-1ms-1000-1-350cd-m2-2560-x-1440-dp-3wl54aa-abb.html
99,Dell U2518D Ultrasharp  čierny (U2518D),"297,60 €",https://www.datart.sk/monitor-dell-u2518d-ultrasharp-25-led-ips-5ms-1000-1-350cd-m2-2560-x-1440-dp.html
100,AOC CQ27G2U/BK (CQ27G2U/BK),"295,70 €",https://www.datart.sk/aoc-cq27g2u-bk-cq27g2u-bk.html
101,MSI Optix MAG272C (Optix MAG272C),295 €,https://www.datart.sk/optix-mag272c-curved-optix-mag272c.html
102,MSI Optix G32C4 (Optix G32C4),295 €,https://www.datart.sk/msi-gaming-monitor-optix-g32c4-31-5-zakriveny-1920-x-1080-fhd-va-led-165hz-1ms-3000-1-250cd-m2-2xhdmi-dp-optix-g32c4.html
103,HP Pavilion 32 QHD (4WH45AA#ABB),289 €,https://www.datart.sk/hp-pavilion-32-qhd-32-2560-x-1440-panel-va-w-led-100-s-rgb-amd-freesync-low-blue-light-svitivost-300-cd-m2-staticky-kontrast-3000-1-odezva-20ms-matny-povrch-1xhdmi-1x-dp-1-2-xx-usb-3-0-pd-4-5w-1x-usb-c-pd-15w-vesa-100x100-mm-zaruka-2-2-0.html
104,"Viewsonic XG240R Full HD 1920×1080, TN, LED, 1ms, 144Hz, 350cd/m2, 1000:1, 2xHDMI, D-Sub, 3xUSB, Pivot, FreeSync, VESA, (XG240R)","285,90 €",https://www.datart.sk/viewsonic-xg240r-full-hd-19201080-tn-led-1ms-144hz-350cd-m2-1000-1-2xhdmi-d-sub-3xusb-pivot-freesync-vesa-xg240r.html
105,Philips 278E1A (278E1A/00),285 €,https://www.datart.sk/monitor-philips-278e1a-278e1a-00.html
106,AOC G2790PX (G2790PX),285 €,https://www.datart.sk/aoc-g2790px-g2790px.html
107,Samsung C32T550 (LC32T550FDUXEN),"284,90 €",https://www.datart.sk/monitor-samsung-c32t550-lc32t550fduxen.html
108,Samsung C32R500 (LC32R500FHUXEN),283 €,https://www.datart.sk/monitor-samsung-c32r500-lc32r500fhuxen.html
109,Acer Predator XB253QGbmiiprzx (UM.KX3EE.P08),281 €,https://www.datart.sk/predator-xb253qgpbmiiprzx-62cm-24-5-led-fhd-1920x1080-144hz-100m-1-400cd-m2-170-160-0-9ms-g2g-min-2xhdmi-2-0-dp-1-2-usb3-0-hub-audio-out-repro-2x2w-vesa-hgt-adj-pivot-g-sync-compatible-adaptive-sync-6color-adjustment-displayhdr.html
110,MSI Optix G271 (Optix G271),"277,90 €",https://www.datart.sk/optix-g271-flat-optix-g271.html
111,MSI Optix AG32CV (Optix AG32CV),275 €,https://www.datart.sk/msi-optix-ag32cv-31-5-c-1920x1080-3000-1-8ms-optix-ag32cv.html
112,Samsung C27JG56 (LC27JG56QQUXEN),273 €,https://www.datart.sk/cjg5-lc27jg56qquxen.html
113,Philips 276E8VJSB (276E8VJSB/00),273 €,https://www.datart.sk/led-philips-276e8vjsb-4k-uhd-ips-dp-hdmi-276e8vjsb-00.html
114,Asus VC279H čierny (90LM01D0-B02670),"272,80 €",https://www.datart.sk/monitor-asus-vc279h-27-led-ips-5ms-1000-1-250cd-m2-1920-x-1080.html
115,Samsung LC27JG50QQUXEN (LC27JG50QQUXEN),"271,90 €",https://www.datart.sk/monitor-samsung-lc27jg50qquxen-lc27jg50qquxen.html
116,Asus VG258Q (90LM0450-B01370),271 €,https://www.datart.sk/monitor-asus-vg258q-gaming-90lm0450-b01370.html
117,AOC C32G1 (C32G1),"266,90 €",https://www.datart.sk/aoc-c32g1-c32g1.html
118,LG 29UB67-B čierny (29UB67-B.AEU),"266,90 €",https://www.datart.sk/monitor-lg-29ub67-b-29-led-ips-5ms-5000000-1-300cd-m2-2560-x-1080-dp.html
119,Philips 276E8FJAB (276E8FJAB/00),"264,50 €",https://www.datart.sk/monitor-philips-276e8fjab.html
120,Samsung C27H711 biely (LC27H711QEUXEN),259 €,https://www.datart.sk/monitor-samsung-c27h711-27-led-va-4ms-300cd-m2-2560-x-1440-dp.html
121,AOC Q27T1 (Q27T1),259 €,https://www.datart.sk/aoc-q27t1-q27t1.html
122,Samsung C27RG50 (LC27RG50FQUXEN),259 €,https://www.datart.sk/c27rg50-lc27rg50fquxen.html
123,HP Z23n G2 (1JS06A4#ABB),258 €,https://www.datart.sk/hp-z23n-g2-uhlopricka-23-rozliseni-1920x1080-60-hz-panel-ips-led-8-bit-6-bit-a-frc-16-7-million-colors-16-9-micro-edge-3-strany-jas-250-cd-m2-staticky-kontrast-1000-1-odezva-5-ms-gtg-matny-panel-25-94-srgb-vyskove-nastavitelny-pivot-3x.html
124,AOC U2879VF čierny (U2879VF),"256,20 €",https://www.datart.sk/LCD-monitor-AOC-27-LED-U2879VF-UHD-HDMI-DP.html
125,Acer Nitro VG270Ubmiipx (UM.HV0EE.007),256 €,https://www.datart.sk/monitor-acer-nitro-vg270ubmiipx-um-hv0ee-007.html
126,Asus VZ279Q čierny (90LM02XC-B02470),255 €,https://www.datart.sk/monitor-asus-vz279q-27-led-ips-5ms-1000-1-250cd-m2-1920-x-1080-dp.html
127,HP EliteDisplay E243i (1FH49AA#ABB),"251,90 €",https://www.datart.sk/hp-elitedisplay-e243i-uhlopricka-24-palcu-rozliseni-1920x1200-panel-ips-w-led-micro-edge-jas-300-cd-m2-staticky-kontrast-1000-1-odezva-5-ms-g-g-matny-panel-vyskove-nastavitelny-pivot-rotace-usb-hub-konektory-vga-dp-1-2-hdmi-1-4-usb3-0-bez-i.html
128,Lenovo D32qc-20 (66A6GAC1EU),251 €,https://www.datart.sk/lenovo-d32qc-20-66a6gac1eu.html
129,HP 27mx (4KK74AA#ABB),249 €,https://www.datart.sk/hp-27mx-uhlopricka-27-rozliseni-1920-x-1080-panel-tn-w-led-svitivost-400-cd-m2-staticky-kontrast-1000-1-odezva-1ms-matny-povrch-ambient-light-low-blue-light-2xhdmi-display-port-1-2-3x-usb-3-0-dva-vstupni-jeden-vystupni-zobrazovaci-frekvence.html
130,Acer Nitro XV270Pbmiiprx (UM.HX0EE.P04),249 €,https://www.datart.sk/nitro-xv270pbmiiprx-27-ips-led-1920x1080-165hz-overclock-144hz-100m-1-250cd-m2-178-178-1ms-vrb-2xhdmi-2-0-1xdp-1-4-audio-out-repro-2x2w-hgt-adj-pivot-vesa-acerdisplaywidget-freesync-6color-adjustment-hdr-ready-hdr-10-supersh.html
131,HP 27x Curved Gaming (7MW42AA#ABB),249 €,https://www.datart.sk/hp-27x-curved-gaming-27-matny-antireflexivni-1920x1080-prohnuty-5ms-g-g-300cd-m2-staticky-kontrast-3000-1-panel-va-amd-freesync-144-hz-obnovovaci-frekvence-1x-audio-vystup-1x-hdmi-2-0-hdcp-1x-displayport-hdcp-podpora-vesa-low-blue-light.html
132,MSI Optix G241 (Optix G241),249 €,https://www.datart.sk/optix-g241-flat-optix-g241.html
133,HP EliteDisplay E243m (1FH48AA#ABB),"248,90 €",https://www.datart.sk/hp-elitedisplay-e243m-uhlopricka-23-8-palcu-rozliseni-1920x1080-panel-ips-w-led-micro-edge-jas-250-cd-m2-staticky-kontrast-1000-1-odezva-5-ms-g-g-matny-panel-vyskove-nastavitelny-pivot-rotace-usb-hub-konektory-vga-dp-1-2-hdmi-1-4-usb3-0-aud.html
134,Philips 325E1C (325E1C/00),"247,90 €",https://www.datart.sk/monitor-philips-325e1c-325e1c-00.html
135,HP EliteDisplay E273 (1FH50AA#ABB),"246,80 €",https://www.datart.sk/hp-elitedisplay-e273-uhlopricka-27-palcu-rozliseni-1920x1080-panel-ips-w-led-micro-edge-jas-250-cd-m2-staticky-kontrast-1000-1-odezva-5-ms-g-g-matny-panel-vyskove-nastavitelny-pivot-rotace-usb-hub-konektory-vga-dp-1-2-hdmi-1-4-usb3-0-bez-in.html
136,MSI Optix MAG272 (Optix MAG272),245 €,https://www.datart.sk/optix-mag272-flat-optix-mag272.html
137,AOC C27G1 (C27G1),245 €,https://www.datart.sk/aoc-c27g1-c27g1.html
138,Samsung U28E590 čierny (LU28E590DS/EN),240 €,https://www.datart.sk/LCD-monitor-SAMSUNG-28-LED-U28E590-UHD-DP-HDMI.html
139,LG 19MB15T- I dotykový čierny (19MB15T-I.AEU),240 €,https://www.datart.sk/monitor-lg-19mb15t-i-dotykovy-cierny.html
140,Samsung C27T550 (LC27T550FDUXEN),239 €,https://www.datart.sk/monitor-samsung-c27t550-lc27t550fduxen.html
141,Lenovo G27c-10 (66A3GACBEU),239 €,https://www.datart.sk/lenovo-g27c-10-66a3gacbeu.html
142,Lenovo Q27q-10 čierny (65F4GAC3EU),239 €,https://www.datart.sk/lenovo-q27q-10-65f4gac3eu.html
143,HP EliteDisplay E223d (5VT82AA#ABB),"238,10 €",https://www.datart.sk/hp-elitedisplay-e223d-docking-monitor-uhlopricka-21-5-palcu-rozliseni-1920x1080-panel-ips-w-led-jas-250-cd-m2-staticky-kontrast-1000-1-odezva-5-ms-g-g-matny-panel-vyskove-nastavitelny-pivot-rotace-usb-hub-konektory-dp-1-2-out-hdmi-1-4-4xusb.html
144,Dell P2418HZM (210-AOEY),235 €,https://www.datart.sk/monitor-dell-p2418hzm-210-aoey.html
145,"Viewsonic VA2719-2K-smhd 27"" IPS LED/2560x1440/50M:1/5ms/300 cd/m2/2xHDMI/DP/ VESA/Repro (VA2719-2K-smhd)",235 €,https://www.datart.sk/viewsonic-va2719-2k-smhd-27-ips-led-2560x1440-50m-1-5ms-300-cd-m2-2xhdmi-dp-vesa-repro-va2719-2k-smhd.html
146,Samsung S24H850 čierny (LS24H850QFUXEN),"233,90 €",https://www.datart.sk/Samsung-24-S24H850-WHQD-HDMI.html
147,Samsung C32F391 biely (LC32F391FWUXEN),"231,90 €",https://www.datart.sk/Samsung-32-C32F391-FullHD-VA-DP-HDMI.html
148,Philips 271B8QJKEB (271B8QJKEB/00),231 €,https://www.datart.sk/monitor-philips-271b8qjkeb-271b8qjkeb-00.html
149,Viewsonic VX3211-mh 32”W IPS/1920x1080/80M:1/3ms/250 cd/m2/D-Sub/HDMI/Repro/VESA (VX3211-mh),230 €,https://www.datart.sk/viewsonic-vx3211-mh-32w-ips-1920x1080-80m-1-3ms-250-cd-m2-d-sub-hdmi-repro-vesa-vx3211-mh.html
150,Dell U2415 (210-AEVE),"229,90 €",https://www.datart.sk/LCD-monitor-DELL-24-LCD-U2415-UltraSharp-IPS-16-10-HDMI-DP-USB.html
151,Acer KG271Ubmiippx (UM.HX1EE.032),229 €,https://www.datart.sk/monitor-acer-kg271ubmiippx-um-hx1ee-032.html
152,AOC 27G2U/BK (27G2U/BK),229 €,https://www.datart.sk/aoc-27g2u-bk-27g2u-bk.html
153,Acer ED322QAwmidx biely (UM.JE2EE.A01),228 €,https://www.datart.sk/ed322qawmidx-80cm-31-5-va-led-curved-1920x1080-60hz-100m-1-250cd-m2-178-178-4ms-vga-dvi-hdmi-audioout-repro-2x3w-freesync-flickerless-bluelightfilter-comfyview-zeroframe-silver-um-je2ee-a01.html
154,Acer B277bmiprzx (UM.HB7EE.005),227 €,https://www.datart.sk/monitor-acer-b277bmiprzx-um-hb7ee-005.html
155,AOC Q27P1 biely (Q27P1),"225,90 €",https://www.datart.sk/monitor-aoc-q27p1-biely-q27p1.html
156,Philips 243B1 (243B1/00),225 €,https://www.datart.sk/monitor-philips-243b1-243b1-00.html
157,MSI Optix MAG161V (Optix MAG161V),"224,70 €",https://www.datart.sk/msi-optix-mag161v-15-6-1920x1080-700-01-00-optix-mag161v.html
158,HP Z24i G2 (1JS08A4#ABB),"222,90 €",https://www.datart.sk/hp-z24i-g2-uhlopricka-24-rozliseni-1920x1200-60-hz-panel-ips-led-8-bit-6-bit-a-frc-16-7-million-colors-16-10-micro-edge-3-strany-jas-300-cd-m2-staticky-kontrast-1000-1-odezva-5-ms-gtg-matny-panel-25-99-srgb-vyskove-nastavitelny-pivot-1.html
159,Samsung S27R650 (LS27R650FDUXEN),222 €,https://www.datart.sk/s27r650-ls27r650fduxen.html
160,MSI Optix G27C4 (Optix G27C4),222 €,https://www.datart.sk/msi-optix-g27c4-27-c-1920x1800-3000-1-1ms-165hz-optix-g27c4.html
161,AOC G2590PX (G2590PX),"220,90 €",https://www.datart.sk/monitor-aoc-g2590px-g2590px.html
162,Dell P2719H (210-APXF),"220,90 €",https://www.datart.sk/monitor-dell-p2719h-210-apxf.html
163,HP OMEN 25 (Z7Y57AA#ABB),219 €,https://www.datart.sk/monitor-hp-omen-25-24-5-led-tn-1ms-1000-1-400cd-m2-1920-x-1080-dp.html
164,HP Z22n G2 (1JS05A4#ABB),219 €,https://www.datart.sk/hp-z22n-g2-uhlopricka-21-5-rozliseni-1920x1080-60-hz-panel-ips-led-8-bit-6-bit-a-frc-16-7-million-colors-16-9-micro-edge-3-strany-jas-250-cd-m2-staticky-kontrast-1000-1-odezva-5-ms-gtg-matny-panel-25-95-srgb-vyskove-nastavitelny-pivot.html
165,Samsung SE650XW (LS24E65UXWGEN),218 €,https://www.datart.sk/ls24e65uxwgen-ls24e65uxwgen.html
166,Philips 252B9 (252B9/00),"217,90 €",https://www.datart.sk/monitor-philips-252b9-252b9-00.html
167,Dell S2719H (210-APDS),"214,90 €",https://www.datart.sk/monitor-dell-s2719h-210-apds.html
168,AOC X24P1 čierny (X24P1),214 €,https://www.datart.sk/monitor-aoc-x24p1-cierny-x24p1.html
169,Acer B247Wbmiprzx (UM.FB7EE.004),213 €,https://www.datart.sk/monitor-acer-b247wbmiprzx-um-fb7ee-004.html
170,Acer B246HYLAymidr čierny (UM.QB6EE.A01),212 €,https://www.datart.sk/monitor-acer-b246hylaymidr-23-8-led-ips-6ms-100000000-1-250cd-m2-1920-x-1080.html
171,HP 32f (6XJ00AA#ABB),209 €,https://www.datart.sk/hp-32f-uhlopricka-31-5-rozliseni-1920-x-1080-60hz-panel-sva-w-led-svitivost-3000-cd-m2-staticky-kontrast-1000-1-odezva-14-ms-gtg-antireflexni-filtr-2x-hdmi-2-0-hdcp-1x-vga-low-blue-light-6xj00aa-abb.html
172,HP 25mx (4JF31AA#ABB),209 €,https://www.datart.sk/hp-25mx-uhlopricka-24-5-palce-rozliseni-1920-x-1080-panel-tn-w-led-svitivost-400-cd-m2-staticky-kontrast-1000-1-odezva-1ms-matny-povrch-ambient-light-low-blue-light-2xhdmi-display-port-1-2-3x-usb-3-0-dva-vstupni-jeden-vystupni-zobrazovaci-fre.html
173,HP Z24nf G2 (1JS07A4#ABB),"207,90 €",https://www.datart.sk/hp-z24nf-g2-uhlopricka-23-8-rozliseni-1920x1080-60-hz-panel-ips-led-8-bit-6-bit-a-frc-16-7-million-colors-16-9-micro-edge-3-strany-jas-250-cd-m2-staticky-kontrast-1000-1-odezva-5-ms-gtg-matny-panel-25-95-srgb-vyskove-nastavitelny-pivot.html
174,Asus VG245H (90LM02V0-B01370),"203,90 €",https://www.datart.sk/monitor-asus-vg245h-90lm02v0-b01370.html
175,AOC 27G2U5/BK (27G2U5/BK),203 €,https://www.datart.sk/aoc-27g2u5-bk-27g2u5-bk.html
176,Philips 275E1S (275E1S/00),"202,90 €",https://www.datart.sk/monitor-philips-275e1s-275e1s-00.html
177,ZOWIE by BenQ XL2411 čierny (9H.LELLB.RBE),199 €,https://www.datart.sk/LCD-monitor-BENQ-XL2411.html
178,HP 27q (3FV90AA#ABB),199 €,https://www.datart.sk/monitor-hp-27q-3fv90aa-abb.html
179,"HP EliteDisplay E190i čierny/strieborný 19"", LED, IPS, 8ms, 1000:1, 250cd/m2, 1280 x 1024, DVI (E4U30AA#ABB)",199 €,https://www.datart.sk/monitor-hp-elitedisplay-e190i-cierny-strieborny-19-led-ips-8ms-1000-1-250cd-m2-1280-x-1024-dvi-e4u30aa-abb.html
180,"Viewsonic VG2439Smh-2 - 24"" LED/FHD/20M:1/5ms/250 cd/m2/VGA/HDMI/DP/2xUSB/Repro/178°/178°/pivot (VG2439smh-2)",199 €,https://www.datart.sk/viewsonic-vg2439smh-2-24-led-fhd-20m-1-5ms-250-cd-m2-vga-hdmi-dp-2xusb-repro-178-178-pivot-vg2439smh-2.html
181,HP EliteDisplay E243 (1FH47AA#ABB),"198,90 €",https://www.datart.sk/hp-elitedisplay-e243-uhlopricka-23-8-palcu-rozliseni-1920x1080-panel-ips-w-led-micro-edge-jas-250-cd-m2-staticky-kontrast-1000-1-odezva-5-ms-g-g-matny-panel-vyskove-nastavitelny-pivot-rotace-usb-hub-konektory-vga-dp-1-2-hdmi-1-4-usb3-0-bez.html
182,HP P27h G4 (7VH95AA#ABB),"196,90 €",https://www.datart.sk/hp-p27h-g4-uhlopricka-27-rozliseni-1920x1080-panel-ips-led-jas-250-cd-m2-staticky-kontrast-1000-1-odezva-5-ms-g-g-matny-panel-low-blue-light-flicker-free-1x-displayport-1-2-hdcp-1x-hdmi-1-4-hdcp-1x-vga-reproduktory-2x-2w-zaruka-3-3-3-7vh9.html
183,AOC Q3279VWFD8 čierny (Q3279VWFD8),196 €,https://www.datart.sk/monitor-aoc-q3279vwfd8-cierny-q3279vwfd8.html
184,Dell U2419H (210-AQYU),196 €,https://www.datart.sk/monitor-dell-u2419h-210-aqyu.html
185,"HP 25x  24,5"",LED, TN, 1ms, 1000:1, 400cd/m2, 1920 x 1080,DP, (3WL50AA#ABB)","195,90 €",https://www.datart.sk/monitor-hp-25x-24-5-led-tn-1ms-1000-1-400cd-m2-1920-x-1080-dp-3wl50aa-abb.html
186,MSI Optix G24C4 (Optix G24C4),195 €,https://www.datart.sk/msi-optix-g24c4-23-6-c-1920x1080-3000-1-1ms-144hz-optix-g24c4.html
187,Acer Nitro XV240YPbmiiprx (UM.QX0EE.P01),"192,40 €",https://www.datart.sk/nitro-xv240ypbmiiprx-23-8-ips-led-1920x1080-165hz-overclock-144hz-100m-1-250cd-m2-178-178-0-1ms-g2g-min-2xhdmi-2-0-1xdp-1-2-audio-out-repro-2x2w-hgt-adj-pivot-vesa-acerdisplaywidget-freesync-6color-adjustment-hdr-ready-hdr-10.html
188,Philips 322E1C (322E1C/00),"191,90 €",https://www.datart.sk/monitor-philips-322e1c-322e1c-00.html
189,HP 24x (5ZU98AA#ABB),"191,90 €",https://www.datart.sk/hp-24x-uhlopricka-24-5-palce-rozliseni-1920-x-1080-panel-tn-w-led-svitivost-250-cd-m2-staticky-kontrast-1000-1-odezva-5-ms-matny-povrch-low-blue-light-1x-hdmi-1-4-hdcp-1x-displayport-1-2-hdcp-zobrazovaci-frekvence-horizontalne-az167-khz-zobraz.html
190,Asus BE229QLB čierny (90LM01X0-B01370),189 €,https://www.datart.sk/monitor-asus-be229qlb-cierny.html
191,Philips 243B9 (243B9/00),188 €,https://www.datart.sk/monitor-philips-243b9-243b9-00.html
192,AOC 24G2U čierne (24G2U/BK),"187,70 €",https://www.datart.sk/aoc-24g2u-24g2u-bk.html
193,Acer CB272bmiprx čierny (UM.HB2EE.001),187 €,https://www.datart.sk/cb272bmiprx-69cm-27-ips-led-1920x1080-75hz-100m-1-250cd-m2-178-178-1ms-vrb-vga-hdmi-dp-audio-in-out-repro-2x2w-hgt-adj-vesa-pivot-hdr-ready-freesync-6color-adjustment-flickerless-bluelightfilter-lowdimming-comfyview-ergostand-z.html
194,Acer ED270RPbiipx (UM.HE0EE.P01),187 €,https://www.datart.sk/ed270rpbiipx-69cm-27-va-led-curved-fhd-1920x1080-165hz-100m-1-250cd-m2-178-178-5ms-2xhdmi-dp-audioout-vesa-freesync-6color-adjustment-flickerless-bluelightfilter-comfyview-zeroframe-black-um-he0ee-p01.html
195,HP EliteDisplay E233 (1FH46AA#ABB),"185,90 €",https://www.datart.sk/hp-elitedisplay-e233-uhlopricka-23-palcu-rozliseni-1920x1080-panel-ips-w-led-micro-edge-jas-250-cd-m2-staticky-kontrast-1000-1-odezva-5-ms-g-g-matny-panel-vyskove-nastavitelny-pivot-rotace-usb-hub-konektory-vga-dp-1-2-hdmi-1-4-usb3-0-bez-in.html
196,Acer XF240QPbiipr Gaming čierny (UM.UX0EE.P01),185 €,https://www.datart.sk/xf240qpbiipr-gaming-60cm-23-6-led-1920x1080-144hz-100m-1-300cd-m2-170-160-1ms-2xhdmi-dp-vesa-pivot-hgt-adj-amd-freesync-6color-adjustment-flickerless-bluelightfilter-lowdimming-comfyview-ecodisplay-black-um-ux0ee-p01.html
197,Samsung S24R650 (LS24R650FDUXEN),185 €,https://www.datart.sk/s24r650-ls24r650fduxen.html
198,Samsung CR500 (LC27R500FHUXEN),185 €,https://www.datart.sk/lc27r500fhuxen-lc27r500fhuxen.html
199,AOC I2781FH (I2781FH),183 €,https://www.datart.sk/monitor-aoc-i2781fh-i2781fh.html
200,AOC G2590FX čierny (G2590FX),"181,90 €",https://www.datart.sk/monitor-aoc-27b1h-cierny-g2590fx.html
201,AOC I1601FWUX (I1601FWUX),180 €,https://www.datart.sk/aoc-i1601fwux-i1601fwux.html
202,HP EliteDisplay E223 (1FH45AA#ABB),180 €,https://www.datart.sk/hp-elitedisplay-e223-uhlopricka-21-5-palcu-rozliseni-1920x1080-panel-ips-w-led-micro-edge-jas-250-cd-m2-staticky-kontrast-1000-1-odezva-5-ms-g-g-matny-panel-vyskove-nastavitelny-pivot-rotace-usb-hub-konektory-vga-dp-1-2-hdmi-1-4-usb3-0-bez.html
203,HP 27fw (4TB31AA#ABB),179 €,https://www.datart.sk/hp-27fw-audio-uhlopriecka-27-rozlisenie-1920x1080-panel-ips-w-led-svietivost-300-cd-m2-staticky-kontrast-1000-1-dynamicky-kontrast-10000000-1-odozva-5-ms-g-g-matny-a-anti-staticky-povrch-konektory-vga-2x-hdmi-low-blue-light-amd-freesync-bez.html
204,Philips 327E8QJAB (327E8QJAB/00),"178,90 €",https://www.datart.sk/monitor-philips-327e8qjab-327e8qjab-00.html
205,AOC C24G1 čierne (C24G1),176 €,https://www.datart.sk/aoc-c24g1-c24g1.html
206,AOC G2778VQ čierny (G2778VQ),175 €,https://www.datart.sk/monitor-aoc-g2778vq-27-led-tn-1ms-80000000-1-300cd-m2-1920-x-1080-dp.html
207,LG 32MP58HQ (32MP58HQ-P.AEU),175 €,https://www.datart.sk/monitor-lg-32mp58hq-31-5-led-ips-5ms-1000-1-250cd-m2-1920-x-1080.html
208,Acer B247Ybmiprzx (UM.QB7EE.004),"174,90 €",https://www.datart.sk/monitor-acer-b247ybmiprzx-um-qb7ee-004.html
209,Acer B246HLYMDPR (UM.FB6EE.011),"174,90 €",https://www.datart.sk/monitor-acer-b246hlymdpr.html
210,Samsung S24E650 (LS24E65UPLC/EN),174 €,https://www.datart.sk/s24e650-ls24e65uplc-en.html
211,Dell UltraSharp U2412M (210-AGYH),173 €,https://www.datart.sk/LCD-monitor-DELL-UltraSharp-U2412M-IPS-panel.html
212,LG 27MP59G čierny (27MP59G-P.AEU),"170,90 €",https://www.datart.sk/monitor-lg-27mp59g-27-led-ips-1ms-250cd-m2-1920-x-1080-dp.html
213,"HP 27fh  27"",LED, IPS, 5ms, 1000:1, 300cd/m2, 1920 x 1080, (4HZ38AA#ABB)","169,90 €",https://www.datart.sk/monitor-hp-27fh-27-led-ips-5ms-1000-1-300cd-m2-1920-x-1080-4hz38aa-abb.html
214,HP 32s (2UD96AA#ABB),169 €,https://www.datart.sk/monitor-hp-32s-32-led-ips-5ms-1200-1-250cd-m2-1920-x-1080.html
215,Acer KG271bmiix čierny (UM.HX1EE.027),169 €,https://www.datart.sk/monitor-acer-kg271bmiix-cierny.html
216,HP 32 (2FW77AA#ABB),169 €,https://www.datart.sk/hp-32-uhlopricka-32-rozliseni-1920-x-1080-60hz-panel-ips-w-led-svitivost-250-cd-m2-staticky-kontrast-1-200-1-odezva-5-ms-gtg-antireflexni-filtr-antistaticka-uprava-1x-vga-1x-hdmi-cerna-barva-zaruka-2-2-0-2fw77aa-abb.html
217,Lenovo D24f-10 (65EBGAC1EU),169 €,https://www.datart.sk/lenovo-d24f-10-65ebgac1eu.html
218,AOC I2490PXQU/BT (I2490PXQU/BT),"168,90 €",https://www.datart.sk/aoc-i2490pxqu-bt-i2490pxqu-bt.html
219,HP V270 (3PL17AA#ABB),"167,30 €",https://www.datart.sk/monitor-hp-v270-3pl17aa-abb.html
220,Samsung C27F396 čierny (LC27F396FHUXEN),166 €,https://www.datart.sk/monitor-samsung-c27f396-cierny.html
221,Philips 276E9QJAB (276E9QJAB/00),165 €,https://www.datart.sk/monitor-philips-276e9qjab-276e9qjab-00.html
222,Philips 272E1CA (272E1CA/00),165 €,https://www.datart.sk/led-philips-272e1ca-fhd-va-hdmi-dp-curved-272e1ca-00.html
223,Asus VZ279HE (90LM02X0-B01470),"164,90 €",https://www.datart.sk/monitor-asus-vz279he.html
224,Acer KG241Q (UM.UX1EE.P01),"164,30 €",https://www.datart.sk/monitor-acer-kg241q-um-ux1ee-p01.html
225,Dell P1917S (210-AJBG),164 €,https://www.datart.sk/monitor-dell-p1917s-210-ajbg.html
226,Samsung C27F390FHUX/EN čierny (LC27F390FHUX/EN),"163,40 €",https://www.datart.sk/LCD-monitor-SAMSUNG-27-C27F390F-FullHD-D-Sub-HDMI.html
227,Asus VZ239Q čierny/zlatý (90LM033C-B02670),"161,30 €",https://www.datart.sk/monitor-asus-vz239q-cierny-zlaty.html
228,AOC 27V2Q (27V2Q),161 €,https://www.datart.sk/aoc-27v2q-27v2q.html
229,HP 27wm audio (V9D84AA#ABB),159 €,https://www.datart.sk/hp-27wm-audio-uhlopriecka-27-rozlisenie-1920x1080-panel-ips-w-led-svietivost-250-cd-m2-staticky-kontrast-1000-1-dynamicky-kontrast-8000000-1-5-ms-g-g-matny-a-anti-staticky-povrch-1x-vga-1x-hdmi-1x-dvi-2x-2-0w-repro-zaruka-2-2-0-v9d84aa-ab.html
230,HP 27m (3WL48AA#ABB),159 €,https://www.datart.sk/monitor-hp-27m-3wl48aa-abb.html
231,Acer Nitro VG270bmiix čierny (UM.HV0EE.001),159 €,https://www.datart.sk/monitor-acer-nitro-vg270bmiix-cierny-um-hv0ee-001.html
232,LG 24BK550Y čierny (24BK550Y-B.AEU),158 €,https://www.datart.sk/monitor-lg-24bk550y-24-led-ips-5ms-1000-1-250cd-m2-1920-x-1080.html
233,Philips 271E1SCA (271E1SCA/00),"157,90 €",https://www.datart.sk/monitor-philips-271e1sca-271e1sca-00.html
234,AOC 24G2U5 čierne (24G2U5/BK),"157,60 €",https://www.datart.sk/aoc-24g2u5-24g2u5-bk.html
235,Samsung C24RG50 (LC24RG50FQUXEN),155 €,https://www.datart.sk/lc24rg50fquxen-lc24rg50fquxen.html
236,HP 27fw (3KS64AA#ABB),155 €,https://www.datart.sk/monitor-hp-27fw-3ks64aa-abb.html
237,AOC 24P1 čierny (24P1),154 €,https://www.datart.sk/monitor-aoc-24p1-cierny-24p1.html
238,Philips 243S7EJMB (243S7EJMB/00),"153,90 €",https://www.datart.sk/monitor-philips-243s7ejmb-243s7ejmb-00.html
239,Philips 245E1S (245E1S/00),"150,90 €",https://www.datart.sk/monitor-philips-245e1s-245e1s-00.html
240,Philips 243S7EHMB čierny (243S7EHMB/00),150 €,https://www.datart.sk/monitor-philips-243s7ehmb-23-8-led-ips-5ms-1000-1-250cd-m2-1920-x-1080.html
241,Philips 243S7EYMB čierny (243S7EYMB/00),150 €,https://www.datart.sk/monitor-philips-243s7eymb-cierny.html
242,Dell P2419H (210-APWU),149 €,https://www.datart.sk/monitor-dell-p2419h-210-apwu.html
243,HP 27f čierny/strieborný (2XN62AA#ABB),149 €,https://www.datart.sk/monitor-hp-27f-cierny-strieborny-2xn62aa-abb.html
244,Dell SE2719H (210-AQKM),149 €,https://www.datart.sk/monitor-dell-se2719h-210-aqkm.html
245,Asus VZ279HE-W biely (90LM02XD-B01470),149 €,https://www.datart.sk/monitor-asus-vz279he-w-27-led-ips-5ms-80000000-1-250cd-m2-1920-x-1080.html
246,HP 22x (6ML40AA#ABB),149 €,https://www.datart.sk/hp-22x-uhlopricka-21-5-palce-rozliseni-1920-x-1080-panel-tn-w-led-svitivost-270-cd-m2-staticky-kontrast-1000-1-odezva-1ms-matny-povrch-low-blue-light-1xhdmi-1x-vga-zobrazovaci-frekvence-horizontalne-az167-khz-zobrazovaci-frekvence-vertikalne.html
247,HP 27y (2YV11AA#ABB),149 €,https://www.datart.sk/hp-27y-uhlopriecka-27-rozlisenie-1920x1080-panel-ads-w-led-svietivost-300-cd-m2-staticky-kontrast-1000-1-dynamicky-kontrast-10000000-1-odozva-5-ms-g-g-matny-1x-vga-1x-dvi-d-hdcp-1x-hdmi-1-4-hdcp-podpora-vesa-bez-integrovanych-reproduktorov.html
248,Lenovo L27i-28 čierny (65E0KAC1EU),149 €,https://www.datart.sk/monitor-lenovo-l27i-28-cierny-65e0kac1eu.html
249,Dell P2319H (210-APWT),"147,90 €",https://www.datart.sk/monitor-dell-p2319h-210-apwt.html
250,Samsung F24T400 (LF24T400FHUXEN),147 €,https://www.datart.sk/monitor-samsung-f24t400-lf24t400fhuxen.html
251,Dell P2219H (210-APWR),"146,90 €",https://www.datart.sk/monitor-dell-p2219h-210-apwr.html
252,MSI Optix G241VC (Optix G241VC),145 €,https://www.datart.sk/msi-optix-g241vc-23-6-c-1920x1080-3000-1-1ms-optix-g241vc.html
253,Acer B227QBmiprzx (UM.WB7EE.006),143 €,https://www.datart.sk/b227qbmiprzx-55cm-21-5-ips-led-1920x1080-75hz-100m-1-250cd-m2-178-178-4ms-vga-hdmi-dp-audio-in-out-usb-3-0hub-repro-2x2w-hgt-adj-vesa-pivot-pivot-acerdisplaywidget-6color-adjustment-flickerless-bluelightfilter-lowdimming-comfyv.html
254,Philips 273V7QJAB čierny (273V7QJAB/00),143 €,https://www.datart.sk/monitor-philips-273v7qjab-cierny.html
255,"Asus VT168N čierny 15.6"",LED, TFT, 10ms, 600:1, 200cd/m2, 1366 x 768, (90LM02G1-B01170)","141,90 €",https://www.datart.sk/monitor-asus-vt168n-cierny-15-6-led-tft-10ms-600-1-200cd-m2-1366-x-768.html
256,HP P24h G4 (7VH44AA#ABB),"140,90 €",https://www.datart.sk/hp-p24h-g4-uhlopricka-23-8-rozliseni-1920x1080-panel-ips-w-led-jas-250-cd-m2-staticky-kontrast-1000-1-odezva-5-ms-g-g-matny-panel-konektory-vga-dp-1-2-hdmi-1-4-reproduktory-2x-2w-flicker-free-low-blue-light-zaruka-3-3-3-7vh44aa-abb.html
257,LG 24MB37PM (24MB37PM-B.AEU),"140,90 €",https://www.datart.sk/monitor-lg-24mb37pm-23-8-led-ips-5ms-5000000-1-250cd-m2-1920-x-1080.html
258,AOC 22P1 čierny (22P1),"140,20 €",https://www.datart.sk/monitor-aoc-22p1-cierny-22p1.html
259,Lenovo Q24i-10 (65F3KAC3EU),139 €,https://www.datart.sk/lenovo-q24i-10-65f3kac3eu.html
260,Philips 276E9QDSB čierny/strieborný (276E9QDSB),139 €,https://www.datart.sk/monitor-philips-276e9qdsb-cierny-strieborny-276e9qdsb.html
261,Dell SE2719HR čierny (DELL-SE2719HR),139 €,https://www.datart.sk/se2719hr-dell-se2719hr.html
262,HP 24fw (4TB29AA#ABB),139 €,https://www.datart.sk/hp-24fw-audio-uhlopriecka-23-8-rozlisenie-1920x1080-panel-ips-w-led-svietivost-300-cd-m2-staticky-kontrast-1000-1-dynamicky-kontrast-10000000-1-odozva-5-ms-g-g-matny-a-anti-staticky-povrch-konektory-vga-hdmi-low-blue-light-amd-freesync-bez.html
263,Asus MB168B (90LM00I0-B01170),"138,90 €",https://www.datart.sk/monitor-asus-mb168b-90lm00i0-b01170.html
264,AOC I1659FWUX (I1659FWUX),"138,90 €",https://www.datart.sk/aoc-i1659fwux-i1659fwux.html
265,HP ProDisplay P244 (5QG35AA#ABB),"137,10 €",https://www.datart.sk/hp-prodisplay-p244-uhlopricka-23-8-palcu-rozliseni-1920x1080-panel-ips-w-led-jas-250-cd-m2-staticky-kontrast-1000-1-odezva-5-ms-g-g-matny-panel-konektory-vga-dp-1-2-hdmi-1-4-bez-integrovanych-reproduktoru-flicker-free-low-blue-light-zaruka.html
266,Philips 273V5LHAB čierny (273V5LHAB/00),137 €,https://www.datart.sk/LCD-monitor-Philips-27-LED-273V5LHAB-Full-HD-HDMI-rep.html
267,Acer CB242Ysmiprx (UM.QB2EE.007),137 €,https://www.datart.sk/cb242ysmiprx-60cm-23-8-ips-led-1920x1080-75hz-100m-1-250cd-m2-178-178-1ms-vbr-vga-hdmi-1-4-dp-1-2-audio-in-out-repro-2x2w-hgt-adj-vesa-pivot-6color-adjustment-freesync-acerdisplaywidget-flickerless-bluelightfilter-lowdimming-comf.html
268,Philips 273V7QDAB čierny (273V7QDAB/00),137 €,https://www.datart.sk/monitor-philips-273v7qdab-cierny.html
269,Samsung S27F350 čierny (LS27F350FHUXEN),137 €,https://www.datart.sk/LCD-monitor-SAMSUNG-27-S27F350-FullHD-PLS-D-Sub-HDMI.html
270,Samsung S27F358 čierny (LS27F358FWUXEN),137 €,https://www.datart.sk/monitor-samsung-s27f358-cierny.html
271,Dell P2217 (DLLP2217),"136,90 €",https://www.datart.sk/-22-lcd-p2217-professional-tn-hdmi-dp-vga-usb-3rnbd-cerny-p2217.html
272,HP N246 (3NS59AA#ABB),"136,90 €",https://www.datart.sk/monitor-hp-n246-3ns59aa-abb.html
273,Philips 246V5LDSB čierny (246V5LDSB/00),136 €,https://www.datart.sk/monitor-philips-246v5ldsb-cierny.html
274,AOC G2590VXQ čierne (G2590VXQ),"135,90 €",https://www.datart.sk/aoc-g2590vxq-g2590vxq.html
275,AOC 27B1H čierny (27B1H),"135,90 €",https://www.datart.sk/monitor-aoc-g2590fx-cierny-27b1h.html
276,Acer CB242Ybmiprx čierny (UM.QB2EE.001),135 €,https://www.datart.sk/cb242ybmiprx-60cm-23-8-ips-led-1920x1080-75hz-100m-1-250cd-m2-178-178-1ms-vbr-vga-hdmi-1-4-dp-1-2-audio-in-out-repro-2x2w-hgt-adj-vesa-pivot-6color-adjustment-freesync-hdr-ready-acerdisplaywidget-flickerless-bluelightfilter-lowdi.html
277,AOC 27B2H (27B2H),135 €,https://www.datart.sk/aoc-27b2h-27b2h.html
278,HP P22h G4 (7UZ36AA#ABB),"133,20 €",https://www.datart.sk/hp-p22h-g4-uhlopricka-21-5-palcu-rozliseni-1920x1080-fhd-panel-ips-w-led-jas-250-cd-m2-staticky-kontrast-1000-1-odezva-5-ms-g-g-matny-panel-vyskove-nastavitelny-pivot-rotace-1x-displayport-1-2-1x-hdmi-1-4-hdcp-1x-vga-bez-integrovanych-repro.html
279,Acer KA270HAbid čierny (UM.HX3EE.A01),132 €,https://www.datart.sk/monitor-acer-ka270habid-27-led-va-4ms-100000000-1-300cd-m2-1920-x-1080.html
280,"HP 24fh  23,8"",LED, IPS, 5ms, 1000:1, 300cd/m2, 1920 x 1080, (4HZ37AA#ABB)","131,80 €",https://www.datart.sk/monitor-hp-24fh-23-8-led-ips-5ms-1000-1-300cd-m2-1920-x-1080-4hz37aa-abb.html
281,Philips 273V7QDSB čierny (273V7QDSB/00),131 €,https://www.datart.sk/monitor-philips-273v7qdsb-cierny.html
282,Acer Nitro VG240Ybmiix čierny (UM.QV0EE.001),130 €,https://www.datart.sk/monitor-acer-nitro-vg240ybmiix-cierny-um-qv0ee-001.html
283,Dell S2319H (210-APBR),"129,90 €",https://www.datart.sk/monitor-dell-s2319h-210-apbr.html
284,Philips 223S7EJMB čierny (223S7EJMB/00),"129,50 €",https://www.datart.sk/monitor-philips-223s7ejmb-cierny.html
285,HP 27w (1JJ98AA#ABB),129 €,https://www.datart.sk/monitor-hp-27w-27-led-ips-5ms-1000-1-250cd-m2-1920-x-1080.html
286,Samsung S24E45KBSV (LS24E45KBSV/EN),129 €,https://www.datart.sk/LCD-monitor-Samsung-24-LED-S24E45KBSV-Full-HD-DVI-pivot.html
287,Asus VZ249HE-W biely (90LM02Q2-B01670),128 €,https://www.datart.sk/monitor-asus-vz249he-w-24-led-ips-5ms-1000-1-250cd-m2-1920-x-1080.html
288,Philips 223S7EHMB čierny (223S7EHMB/00),127 €,https://www.datart.sk/monitor-philips-223s7ehmb-cierny.html
289,Philips 272V8A čierny (272V8A/00),"126,40 €",https://www.datart.sk/philips-lcd-272v8a-27-ips-1920x1080-75hz-mega-dcr-4ms-250-cd-4ms-250cd-vga-hdmi-dp-repro-vesa-272v8a-00.html
290,AOC I2490VXQ/BT (I2490VXQ/BT),124 €,https://www.datart.sk/aoc-i2490vxq-bt-i2490vxq-bt.html
291,Dell SE2419HR (DELL-SE2419HR),124 €,https://www.datart.sk/se2419hr-dell-se2419hr.html
292,Dell E2318H čierny (4YMDT),124 €,https://www.datart.sk/monitor-dell-e2318h-23-led-ips-8ms-1000-1-250cd-m2-1920-x-1080-dp.html
293,LG 24MP59G čierny (24MP59G-P.AEU),122 €,https://www.datart.sk/LCD-monitor-LG-24MP59G.html
294,Philips 246E9QJAB (246E9QJAB/00),121 €,https://www.datart.sk/monitor-philips-246e9qjab-246e9qjab-00.html
295,Philips 246V5LHAB čierny (246V5LHAB/00),120 €,https://www.datart.sk/LCD-monitor-Philips-24-LED-246V5LHAB-FullHD-HDMI-rep.html
296,Philips 241E1SCA (241E1SCA/00),120 €,https://www.datart.sk/monitor-philips-241e1sca-241e1sca-00.html
297,AOC 24V2Q (24V2Q),120 €,https://www.datart.sk/aoc-24v2q-24v2q.html
298,Asus VP248QG (90LM0480-B02170),"119,90 €",https://www.datart.sk/monitor-asus-vp248qg-gaming-90lm0480-b02170.html
299,Dell Gaming SE2417HGX (DELL-SE2417HGX),"119,90 €",https://www.datart.sk/se2417hgx-dell-se2417hgx.html
300,Samsung S24D330HSX čierny (LS24D330HSX/EN),"119,90 €",https://www.datart.sk/monitor-samsung-s24d330hsx-24-led-tn-1ms-1000-1-200cd-m2-1920-x-1080.html
301,Asus VZ249HE čierny (90LM02Q0-B01670),"119,60 €",https://www.datart.sk/monitor-asus-vz249he-23-8-led-ips-5ms-80000000-1-250cd-m2-1920-x-1080.html
302,HP 24m (3WL46AA#ABB),119 €,https://www.datart.sk/monitor-hp-24m-3wl46aa-abb.html
303,Philips 223S7EYMB čierny (223S7EYMB/00),119 €,https://www.datart.sk/monitor-philips-223s7eymb-cierny.html
304,HP 24y (2YV10AA#ABB),119 €,https://www.datart.sk/monitor-hp-24y-2yv10aa-abb.html
305,Acer R241YBbmix čierny (UM.QR1EE.B01),119 €,https://www.datart.sk/r241ybbmix-60cm-23-8-ips-led-fhd-1920x1080-100m-1-250cd-m2-178-178-1ms-vga-dvi-hdmi-repro-2x2w-freesync-flickerless-bluelightfilter-comfyview-zeroframe-ecodisplay-black-um-qr1ee-b01.html
306,HP 24o čierny (X0J60AA#ABB),119 €,https://www.datart.sk/monitor-hp-24o-24-led-tn-1ms-1000-1-250cd-m2-1920-x-1080.html
307,HP N223 (3WP71AA#ABB),119 €,https://www.datart.sk/monitor-hp-n223-3wp71aa-abb.html
308,HP 22fw (3KS60AA#ABB),"118,90 €",https://www.datart.sk/hp-22fw-uhlopriecka-21-5-rozlisenie-1920x1080-panel-ips-w-led-svietivost-300-cd-m2-staticky-kontrast-1000-1-dynamicky-kontrast-10000000-1-odozva-5-ms-g-g-matny-a-anti-staticky-povrch-konektory-vga-hdmi-low-blue-light-bez-integrovanych-reprod.html
309,AOC I2481FXH čierny (I2481FXH),118 €,https://www.datart.sk/LCD-monitor-AOC-24-LED-I2481FXH-FHD-IPS-2xHDMI-borderless.html
310,Dell E2418HN čierny (E2418HN),"117,90 €",https://www.datart.sk/monitor-dell-e2418hn-23-8-led-ips-8ms-1000-1-250cd-m2-1920-x-1080.html
311,AOC G2460VQ6 čierny (G2460VQ6),117 €,https://www.datart.sk/LCD-monitor-AOC-24-LED-G2460VQ6-FHD-HDMI-DP-rep.html
312,"Viewsonic VA2456-MHD 24"" W IPS TFT/1920x1080/50M:1/5ms/250 cd/m2/D-Sub/HDMI/DP/VESA/repro (VA2456-MHD)","116,90 €",https://www.datart.sk/viewsonic-va2456-mhd-24-w-ips-tft-1920x1080-50m-1-5ms-250-cd-m2-d-sub-hdmi-dp-vesa-repro-va2456-mhd.html
313,AOC E2460SH čierny (E2460SH),116 €,https://www.datart.sk/LCD-monitor-AOC-24-LED-AOC-E2460SH-FHD-HDMI-rep.html
314,Philips 248E9QHSB (248E9QHSB/00),116 €,https://www.datart.sk/led-philips-248e9qhsb-fhd-va-hdmi-curved-248e9qhsb-00.html
315,Acer KG241Qbmiix čierny (UM.UX1EE.001),"115,90 €",https://www.datart.sk/LCD-monitor-Acer-23-6-LCD-KG241Qbmiix-TFT-1ms-VGA-HDMI.html
316,Asus VZ239HE (90LM0330-B01670),"115,10 €",https://www.datart.sk/monitor-asus-vz239he.html
317,Dell E1715S čierny (855-BBBG),"114,90 €",https://www.datart.sk/monitor-dell-e1715s-cierny-855-bbbg.html
318,AOC 22P1D čierny (22P1D),"113,50 €",https://www.datart.sk/monitor-aoc-22p1d-cierny-22p1d.html
319,Philips 246E9QDSB (246E9QDSB/00),113 €,https://www.datart.sk/monitor-philips-246e9qdsb-246e9qdsb-00.html
320,Acer V247Ybmipx (UM.QV7EE.009),112 €,https://www.datart.sk/v247ybmipx-60cm-23-8-ips-led-1920x1080-70hz-100m-1-250cd-m2-178-178-4ms-vga-hdmi-dp-audio-out-vesa-comfyview-bluelightshield-lowdimming-tco-7-0-ecodisplay-black-um-qv7ee-009.html
321,Samsung LC24F396FHUXEN (LC24F396FHUXEN),111 €,https://www.datart.sk/monitor-samsung-lc24f396fhuxen-lc24f396fhuxen.html
322,Samsung C24F390FHUX/EN čierny (LC24F390FHUX/EN),111 €,https://www.datart.sk/Samsung-24-C24F390F-FullHD-D-Sub-HDMI.html
323,Acer R241YBwmix biely (UM.QR1EE.B04),"110,90 €",https://www.datart.sk/r241ybwmix-60cm-23-8-ips-led-fhd-1920x1080-100m-1-250cd-m2-178-178-1ms-vga-dvi-hdmi-repro-2x2w-freesync-flickerless-bluelightfilter-comfyview-zeroframe-ecodisplay-white-um-qr1ee-b04.html
324,HP 24fw biely (3KS62AA#ABB),"110,90 €",https://www.datart.sk/monitor-hp-24fw-biely-3ks62aa-abb.html
325,Asus VS229NA biely (90LME9201Q02211C-),110 €,https://www.datart.sk/monitor-asus-vs229na-biely.html
326,HP 22f (2XN58AA#ABB),110 €,https://www.datart.sk/hp-22f-uhlopriecka-21-5-rozlisenie-1920x1080-panel-ips-w-led-svietivost-300-cd-m2-staticky-kontrast-1000-1-dynamicky-kontrast-10000000-1-odozva-5-ms-g-g-matny-a-anti-staticky-povrch-konektory-vga-hdmi-low-blue-light-bez-integrovanych-reprodu.html
327,Philips 226E9QHAB (226E9QHAB/00),109 €,https://www.datart.sk/monitor-philips-226e9qhab-226e9qhab-00.html
328,HP 24f čierny/strieborný (2XN60AA#ABB),109 €,https://www.datart.sk/monitor-hp-24f-cierny-strieborny-2xn60aa-abb.html
329,Acer KA240Hbid čierny (UM.FX0EE.005),109 €,https://www.datart.sk/LCD-monitor-Acer-24-LCD-KA240Hbid-5ms-100M-1-250cd-FHD-HDMI.html
330,Asus VS247HR čierny (90LME2301T02231C-),109 €,https://www.datart.sk/monitor-asus-vs247hr-24-led-tn-2ms-50000000-1-250cd-m2-1920-x-1080.html
331,"Viewsonic VA2419-SH 24"" W IPS TFT/1920x1080/50M:1/5ms/250 cd/m2/D-Sub/HDMI/VESA (VA2419-SH)","108,90 €",https://www.datart.sk/viewsonic-va2419-sh-24-w-ips-tft-1920x1080-50m-1-5ms-250-cd-m2-d-sub-hdmi-vesa-va2419-sh.html
332,AOC 24E1Q čierny (24E1Q),"108,70 €",https://www.datart.sk/monitor-aoc-24e1q-cierny-24e1q.html
333,Acer R231Bbmix čierny (UM.VR1EE.B01),108 €,https://www.datart.sk/r231bbmix-58cm-23-ips-led-fhd-1920x1080-100m-1-250cd-m2-178-178-1ms-vga-dvi-hdmi-repro-2x2w-freesync-flickerless-bluelightfilter-comfyview-zeroframe-ecodisplay-black-um-vr1ee-b01.html
334,"Acer V176LB  17"", LED, TN, 5ms, 100000000:1, 250cd/m2, 1280 x 1024, (UM.BV6EE.001)",108 €,https://www.datart.sk/monitor-acer-v176lb-17-led-tn-5ms-100000000-1-250cd-m2-1280-x-1024.html
335,Samsung S24R350 čierne (S24R350FHU),107 €,https://www.datart.sk/samsung-s24r350fhu-s24r350fhu.html
336,AOC E2470SWH (E2470SWH),105 €,https://www.datart.sk/monitor-aoc-e2470swh-e2470swh.html
337,Acer Nitro VG220Qbmiix čierny (UM.WV0EE.006),104 €,https://www.datart.sk/monitor-acer-nitro-vg220qbmiix-cierny-um-wv0ee-006.html
338,Samsung S24F350FHUXEN čierny (LS24F350FHUXEN),103 €,https://www.datart.sk/Monitory-SAMSUNG-S24F350-FullHD-TN-D-Sub-HDMI.html
339,Dell SE2219H (210-AQOL),"100,90 €",https://www.datart.sk/monitor-dell-se2219h-210-aqol.html
340,AOC G2260VWQ6 čierny (G2260VWQ6),"100,80 €",https://www.datart.sk/monitor-aoc-g2260vwq6-21-5-led-tn-1ms-20000000-1-250cd-m2-1920-x-1080-dp.html
341,Dell E2218HN čierny (E2218HN),"99,90 €",https://www.datart.sk/monitor-dell-e2218hn-21-5-led-tn-5ms-1000-1-250cd-m2-1920-x-1080.html
342,Asus VZ229HE čierny (90LM02P0-B01670),"99,90 €",https://www.datart.sk/monitor-asus-vz229he-21-5-led-ips-5ms-80000000-1-250cd-m2-1920-x-1080.html
343,Acer SA240YAbmi čierny (UM.QS0EE.A04),"99,90 €",https://www.datart.sk/sa240yabmi-60cm-23-8-ips-led-fhd-1920x1080-75hz-100m-1-250cd-m2-178-178-4ms-vga-hdmi-repro-2x2w-widecolorgamut-flickerless-freesync-bluelightfilter-comfyview-zeroframe-ecodisplay-black-um-qs0ee-a04.html
344,Samsung SF356 (LS24F356FHUXEN),99 €,https://www.datart.sk/ls24f356fhuxen-ls24f356fhuxen.html
345,HP 24w čierny (1CA86AA#ABB),99 €,https://www.datart.sk/monitor-hp-24w-23-8-led-ips-5ms-1000-1-250cd-m2-1920-x-1080.html
346,Philips 243V7QDAB čierny (243V7QDAB/00),99 €,https://www.datart.sk/monitor-philips-243v7qdab-cierny.html
347,Lenovo L24i-10 čierny (65D6KAC3EU),99 €,https://www.datart.sk/monitor-lenovo-l24i-10-cierny-65d6kac3eu.html
348,Acer SA230Abi čierny (UM.VS0EE.A01),99 €,https://www.datart.sk/sa230abi-58cm-23-ips-led-fhd-1920x1080-100m-1-250cd-m2-178-178-4ms-vga-hdmi-widecolorgamut-flickerless-bluelightfilter-comfyview-zeroframe-ecodisplay-black-um-vs0ee-a01.html
349,Philips 243V7QDSB čierny (243V7QDSB/00),99 €,https://www.datart.sk/monitor-philips-243v7qdsb-23-8-led-ips-5ms-1000-1-250cd-m2-1920-x-1080.html
350,Lenovo L24e-20 čierny (65DFKAC1EU),99 €,https://www.datart.sk/monitor-lenovo-l24e-20-cierny-65dfkac1eu.html
351,Philips 242V8A (242V8A/00),99 €,https://www.datart.sk/-24-led-philips-242v8a-fhd-ips-hdmi-dp-repro-242v8a-00.html
352,Dell SE2417HG čierny (210-ALDY),99 €,https://www.datart.sk/LCD-monitor-Dell-SE2417HG.html
353,HP 22w čierny (1CA83AA#ABB),"98,90 €",https://www.datart.sk/monitor-hp-22w-21-5-led-ips-5ms-1000-1-250cd-m2-1920-x-1080.html
354,"Viewsonic VA2407H 24"" W WLED TN/1920x1080/20M:1/5ms/250 cd/m2/D-Sub/VESA/Eye-care/ViewMode (VA2407H)","98,90 €",https://www.datart.sk/viewsonic-va2407h-24-w-wled-tn-1920x1080-20m-1-5ms-250-cd-m2-d-sub-vesa-eye-care-viewmode-va2407h.html
355,AOC 22E1Q čierny (22E1Q),"98,40 €",https://www.datart.sk/monitor-aoc-22e1q-cierny-22e1q.html
356,Dell SE2416H čierny (210-AFZC),98 €,https://www.datart.sk/LCD-monitor-DELL-24-LCD-SE2416H-LED-FullHD-16-9-6ms-1-000-1-HDMI-VGA-Repro-3-roky.html
357,HP 22y (2YV09AA#ABB),"97,90 €",https://www.datart.sk/monitor-hp-22y-2yv09aa-abb.html
358,AOC 24B1XH čierny (24B1XH),"97,40 €",https://www.datart.sk/monitor-aoc-24b1xh-cierny-24b1xh.html
359,Philips 243V7QSB čierny (243V7QSB/00),97 €,https://www.datart.sk/monitor-philips-243v7qsb-cierny.html
360,Asus VA24EHE (90LM0560-B01170),"96,90 €",https://www.datart.sk/monitor-asus-va24ehe-90lm0560-b01170.html
361,AOC 22B1HS čierny (22B1HS),"96,70 €",https://www.datart.sk/monitor-aoc-22b1hs-cierny-22b1hs.html
362,Asus VP228HE (90LM01K0-B05170),"95,90 €",https://www.datart.sk/monitor-asus-vp228he-gaming-21-5-led-tn-1ms-100000000-1-200cd-m2-1920-x-1080.html
363,AOC 24B1H čierny (24B1H),"93,90 €",https://www.datart.sk/monitor-aoc-24b1h-cierny-24b1h.html
364,"Philips 223V7QHAB čierny 21.5"",LED, IPS, 5ms, 10000000:1, 250cd/m2, 1920 x 1080, (223V7QHAB/00)","93,90 €",https://www.datart.sk/monitor-philips-223v7qhab-cierny-21-5-led-ips-5ms-10000000-1-250cd-m2-1920-x-1080.html
365,Lenovo L22e-20 čierny (65DEKAC1EU),"93,90 €",https://www.datart.sk/monitor-lenovo-l22e-20-cierny-65dekac1eu.html
366,Dell SE2216H čierny (210-AFZR),"92,90 €",https://www.datart.sk/monitor-dell-se2216h-21-5-led-va-12ms-3000-1-250cd-m2-1920-x-1080.html
367,"AOC 22E1D čierny 21.5"",LED, TN, 2ms, 1000:1, 250cd/m2, 1920 x 1080, (22E1D)","92,60 €",https://www.datart.sk/monitor-aoc-22e1d-cierny-22e1d.html
368,Philips 243V5LSB (243V5LSB/00),"89,20 €",https://www.datart.sk/monitor-philips-243v5lsb-23-6-led-tft-5ms-1000-1-250cd-m2-1920-x-1080.html
369,AOC E2470SWDA čierny (E2470SWDA),89 €,https://www.datart.sk/LCD-monitor-AOC-24-LED-AOC-E2470SWDA-FHD-DVI-rep.html
370,AOC E2470SWHE čierny (E2470SWHE),89 €,https://www.datart.sk/monitor-aoc-e2470swhe-23-6-led-tn-5ms-20000000-1-250cd-m2-1920-x-1080.html
371,Acer EK240YAbi (UM.QE0EE.A01),89 €,https://www.datart.sk/ek240yabi-60cm-23-8-va-led-fhd-1920x1080-100m-1-250cd-m2-178-178-5ms-vga-hdmi-vesa-wideviewangle-freesync-flickerless-bluelightfilter-comfyview-black-um-qe0ee-a01.html
372,HP 20kd čierny (T3U83AA#ABB),89 €,https://www.datart.sk/LED-monitor-HP-20kd.html
373,Acer K222HQLbd čierny (UM.WW3EE.001),87 €,https://www.datart.sk/LCD-monitor-ACER-22-LED-K222HQLbd-5ms-100M-1-DVI-black.html
374,AOC M2470SWDA2 (M2470SWDA2),87 €,https://www.datart.sk/monitor-aoc-m2470swda2-23-6-led-mva-5ms-50000000-1-250cd-m2-1920-x-1080.html
375,Dell E2216HV (210-ALFS),"84,70 €",https://www.datart.sk/e2216hv-210-alfs.html
376,Philips 223V5LHSB čierny (223V5LHSB/00),84 €,https://www.datart.sk/monitor-philips-223v5lhsb-cierny.html
377,HP 19ka čierny (T3U81AA#ABB),79 €,https://www.datart.sk/monitor-hp-19ka-cierny.html
378,Samsung S22F350 čierny (LS22F350FHUXEN),"77,90 €",https://www.datart.sk/monitor-samsung-s22f350-cierny.html
379,Acer KA220HQbid čierny (UM.WX0EE.001),77 €,https://www.datart.sk/monitor-acer-ka220hqbid-21-5-led-tn-5ms-100000000-1-200cd-m2-1920-x-1080.html
380,AOC E2270SWHN čierny (E2270SWHN),74 €,https://www.datart.sk/LCD-monitor-AOC-22-LED-E2270SWHN-FHD-HDMI.html
381,Acer EK220QAbi (UM.WE0EE.A01),"72,90 €",https://www.datart.sk/ek220qabi-55cm-21-5-va-led-fhd-1920x1080-75hz-100m-1-250cd-m2-178-178-5ms-vga-hdmi-vesa-wideviewangle-freesync-flickerless-bluelightfilter-comfyview-black-um-we0ee-a01.html
382,Philips 223V5LSB čierny (223V5LSB/00),72 €,https://www.datart.sk/LCD-monitor-Philips-223V5LSB.html
383,Philips 223V5LSB2 čierny (223V5LSB2/10),70 €,https://www.datart.sk/monitor-philips-223v5lsb2-cierny.html
384,Philips 223V5LHSB2 čierny (223V5LHSB2/00),"69,90 €",https://www.datart.sk/monitor-philips-223v5lhsb2-21-5-led-tft-5ms-600-1-200cd-m2-1920-x-1080.html
385,AOC E2270SWN čierny (E2270SWN),69 €,https://www.datart.sk/monitor-aoc-e2270swn-21-5-led-tn-5ms-20000000-1-200cd-m2-1920-x-1080.html
386,AOC E2270SWDN čierny (E2270SWDN),69 €,https://www.datart.sk/LCD-monitor-AOC-22-LED-E2270SWDN-FHD-DVI.html
387,Asus VS197DE čierny (90LMF1001T02201C-),"68,90 €",https://www.datart.sk/monitor-asus-vs197de-18-5-led-tn-5ms-50000000-1-200cd-m2-1366-x-768.html
388,Philips 203V5LSB26 čierny (203V5LSB26/10),66 €,https://www.datart.sk/monitor-philips-203v5lsb26-19-5-led-tft-5ms-600-1-200cd-m2-1600-x-900.html
389,Acer K202HQLAb čierny (UM.IX3EE.A01),64 €,https://www.datart.sk/monitor-acer-k202hqlab-cierny.html
390,AOC E970SWN čierny (E970SWN),62 €,https://www.datart.sk/monitor-aoc-e970swn-18-5-led-tn-5ms-20000000-1-200cd-m2-1366-x-768.html
391,LG 19M38A (19M38A-B.AEU),"60,90 €",https://www.datart.sk/monitor-lg-19m38a.html
392,Philips 193V5LSB2 čierny (193V5LSB2/10),59 €,https://www.datart.sk/LCD-monitor-PHILIPS-19-LED-Philips-193V5LSB2-1366x768-VGA-200cd-VESA.html
